[
    {
        "image": "ancient_aliens.png",
        "name": "aliens (2 text boxes)",
        "text_boxes": [
            {
                "top_left_x": 48,
                "top_left_y": 2,
                "bottom_right_x": 598,
                "bottom_right_y": 92
            },      
            {
                "top_left_x": 156,
                "top_left_y": 308,
                "bottom_right_x": 448,
                "bottom_right_y": 380
            }
        ]   
    },  

    {
        "image": "drake.png",
        "name": "Some description",
        "text_boxes": [
            {
                "top_left_x": 252,
                "top_left_y": 1,
                "bottom_right_x": 498,
                "bottom_right_y": 250
            },
            {
                "top_left_x": 251,
                "top_left_y": 255,
                "bottom_right_x": 499,
                "bottom_right_y": 496
            }
        ]
    },

    {
        "image": "mr_incredible.png",
        "name": "Some description",
        "text_boxes": [
            {
                "top_left_x": 1,
                "top_left_y": 5,
                "bottom_right_x": 246,
                "bottom_right_y": 97
            },
            {
                "top_left_x": 252,
                "top_left_y": 5,
                "bottom_right_x": 498,
                "bottom_right_y": 98
            }
        ]
    },

    {
        "image": "philosoraptor.png",
        "name": "Some description",
        "text_boxes": [
            {
                "top_left_x": 0,
                "top_left_y": 0,
                "bottom_right_x": 497,
                "bottom_right_y": 99
            },
            {
                "top_left_x": 0,
                "top_left_y": 368,
                "bottom_right_x": 497,
                "bottom_right_y": 475
            }
        ]
    },

    {
        "image": "roll_safe_think_about_it.png",
        "name": "Some description",
        "text_boxes": [
            {
                "top_left_x": 0,
                "top_left_y": 0,
                "bottom_right_x": 498,
                "bottom_right_y": 76
            }
        ]
    },

    {
        "image": "spongebob_increasingly.png",
        "name": "Some description",
        "text_boxes": [
            {
                "top_left_x": 192,
                "top_left_y": 2,
                "bottom_right_x": 380,
                "bottom_right_y": 117
            },
            {
                "top_left_x": 193,
                "top_left_y": 122,
                "bottom_right_x": 379,
                "bottom_right_y": 244
            },
            {
                "top_left_x": 193,
                "top_left_y": 250,
                "bottom_right_x": 379,
                "bottom_right_y": 371
            },
            {
                "top_left_x": 193,
                "top_left_y": 379,
                "bottom_right_x": 377,
                "bottom_right_y": 496
            }
        ]
    },

    {
        "image": "spongebob_reading_two_pages_at_once.png",
        "name": "Some description",
        "text_boxes": [
            {
                "top_left_x": 121,
                "top_left_y": 11,
                "bottom_right_x": 394,
                "bottom_right_y": 118
            },
            {
                "top_left_x": 20,
                "top_left_y": 355,
                "bottom_right_x": 227,
                "bottom_right_y": 472
            },
            {
                "top_left_x": 282,
                "top_left_y": 353,
                "bottom_right_x": 475,
                "bottom_right_y": 473
            }
        ]
    },

    {
        "image": "woman_yelling_at_cat.png",
        "name": "Some description",
        "text_boxes": [
            {
                "top_left_x": 0,
                "top_left_y": 6,
                "bottom_right_x": 249,
                "bottom_right_y": 60
            },
            {
                "top_left_x": 251,
                "top_left_y": 5,
                "bottom_right_x": 499,
                "bottom_right_y": 60
            }
        ]
    }
]



