
[
{
    "cantidad" : 3,
    "posicion_1": [0,0],
    "posicion_2": [200,0],
    "posicion_3": [200,200],
    "tamanio_1": [200,400],
    "tamanio_2": [200,200],
    "tamanio_3": [200,200]

},
{
    "cantidad": 2,
    "posicion_1": [0,0],
    "posicion_2": [200,0],
    "tamanio_1": [200,400],
    "tamanio_2": [200,400]
    
},
{
    "cantidad" : 4,
    "posicion_1":  [0,0],
    "posicion_2": [200,0],
    "posicion_3":  [0,200],
    "posicion_4": [200,200],
    "tamanio_1": [200,200],
    "tamanio_2": [200,200],
    "tamanio_3": [200,200],
    "tamanio_4": [200,200]

},
{
    "cantidad" : 3,
    "posicion_1":  [0,0],
    "posicion_2": [0,200],
    "posicion_3": [200,200],
    "tamanio_1": [400,200],
    "tamanio_2": [200,200],
    "tamanio_3": [200,200]

}
]