direccion,extension,tamanio,resolucion,tags,descripcion,modificacion,fecha
src/images\spotify_logo.png,.PNG,0.01Kb,"(160, 84)",spotify-logo-green,Es el logo de spootify,BillGates,"14/06/2023, 17:50:49"
src/images\youtube_logo.png,.PNG,0.01Kb,"(160, 67)",youtube-logo-blancoyrojo,Es el logo de youtube,BillGates,"14/06/2023, 17:50:49"
src/images\instagram_logo.png,.PNG,0.01Kb,"(160, 121)",instagram-logo-blanco,Es el logo de instagram,BillGates,"14/06/2023, 17:50:49"
src/images\john.png,.PNG,0.02Kb,"(58, 160)",john-rooftop-,,BillGates,"14/06/2023, 17:50:49"
src/images\paul.png,.PNG,0.02Kb,"(58, 160)",paul-rooftop-,,BillGates,"14/06/2023, 17:50:49"
src/images\ringo.png,.PNG,0.02Kb,"(59, 160)",ringo-rooftop-,Imagen de ringo,BillGates,"14/06/2023, 17:50:49"
src/images\george.png,.PNG,0.02Kb,"(59, 160)",george-rooftop-,Imagen de george,BillGates,"14/06/2023, 17:50:49"
src/images\john_1.png,.PNG,0.02Kb,"(100, 98)",john1-,john_1,BillGates,"14/06/2023, 18:21:51"
src/images\paul_1.png,.PNG,0.02Kb,"(98, 100)",paul1-,paul_1,BillGates,"14/06/2023, 18:21:51"
src/images\ringo_1.png,.PNG,0.02Kb,"(98, 100)",ringo1-,ringo_1,BillGates,"14/06/2023, 18:21:51"
src/images\george_1.png,.PNG,0.02Kb,"(99, 100)",george1-,george_1,BillGates,"14/06/2023, 18:21:51"
src/images\spotify_logo_2.png,.PNG,0.01Kb,"(100, 190)",spotify_logo-,,BillGates,"14/06/2023, 17:50:49"
src/images\youtube_logo_2.png,.PNG,0.01Kb,"(94, 100)",youtube_logo-,youtube,BillGates,"14/06/2023, 17:50:49"
src/images\instagram_logo_2.png,.PNG,0.01Kb,"(132, 100)",instagram-,instagram_l,BillGates,"14/06/2023, 17:50:49"
src/images\unlp_logo_2.png,.PNG,0.02Kb,"(187, 100)",unlp-,1,BillGates,"14/06/2023, 17:50:49"
src/images\informatica_logo_2.png,.PNG,0.02Kb,"(100, 100)",informatica-,2,BillGates,"14/06/2023, 17:50:49"
src/images\ingenieria_logo_2.png,.PNG,0.01Kb,"(100, 100)",ingenieria-,3,BillGates,"14/06/2023, 17:50:49"
src/images\gimnasia_logo_2.png,.PNG,0.03Kb,"(200, 200)",gimnasia-,lp,BillGates,"14/06/2023, 17:50:49"
src/images\estudiantes_logo_2.png,.PNG,0.01Kb,"(122, 200)",estudiantes-,lp,BillGates,"14/06/2023, 17:50:49"
