

timestamp,nick,operacion,valores,textos





1686775883.678427,BillGates,nueva imagen clasificada
1686775906.288701,BillGates,nueva imagen clasificada
1686775924.798836,BillGates,nueva imagen clasificada
1686775987.894745,BillGates,Generacion de collage,"['youtube_logo.png', 'instagram_logo.png']",Redes sociales :D
1686776106.419792,BillGates,Generacion de collage,"['youtube_logo.png', 'instagram_logo.png']",Redes sociales
1686776742.76581,BillGates,nueva imagen clasificada
1686776754.864968,BillGates,nueva imagen clasificada
1686776765.659898,BillGates,nueva imagen clasificada
1686776781.058541,BillGates,nueva imagen clasificada
1686776857.408324,BillGates,Generacion de collage,"['george.png', 'ringo.png', 'paul.png']",Beatles Rooftop
1686777729.146125,BillGates,nueva imagen clasificada
1686777743.834003,BillGates,nueva imagen clasificada
1686777753.461519,BillGates,nueva imagen clasificada
1686777768.493579,BillGates,nueva imagen clasificada
1686777827.343804,BillGates,Generacion de collage,"['george_1.png', 'john_1.png', 'ringo_1.png']",Let It Be
1686778592.684666,BillGates,nueva imagen clasificada
1686778609.378849,BillGates,nueva imagen clasificada
1686778640.64794,BillGates,nueva imagen clasificada
1686778684.863463,BillGates,Generacion de collage,"['instagram_logo_2.png', 'spotify_logo_2.png']",App dev Python
1686779251.792116,BillGates,nueva imagen clasificada
1686779265.697915,BillGates,nueva imagen clasificada
1686779268.902944,BillGates,modificacion de imagen previamente clasificada
1686779277.326171,BillGates,nueva imagen clasificada
1686779331.08811,BillGates,Generacion de collage,"['unlp_logo_2.png', 'informatica_logo_2.png']",Informatica
1686776069.702974,BillGates,nueva imagen clasificada
1686776078.826817,BillGates,nueva imagen clasificada
1686776248.134781,BillGates,Generacion de collage,['gimnasia_logo_2.png'],ClasicoPlatense
1686776574.714846,BillGates,Generacion de collage,"['george_1.png', 'john_1.png', 'ringo_1.png']",LetItBe2
