[
    {
        "nick": "BillGates",
        "nombre": "Bill Gates",
        "genero": "Masculino",
        "correo": "bgates@gmail.com",
        "edad": 41,
        "direc_avatar": "src/images/usuarios/default/billgates.png"
    },
    {
        "nick": "AdaLovelace",
        "nombre": "Ada Lovelace",
        "genero": "Femenino",
        "correo": "alovelace@gmail.com",
        "edad": 30,
        "direc_avatar": "src/images/usuarios/default/adalovelace.png"
    },
    {
        "nick": "ElonMusk",
        "nombre": "Elon Musk",
        "genero": "Masculino",
        "correo": "emusk@gmail.com",
        "edad": 42,
        "direc_avatar": "src/images/usuarios/default/elonMusk.png"
    },
    {
        "nick": "SteveJobs",
        "nombre": "Steve Jobs",
        "genero": "Masculino",
        "correo": "sjobs@gmail.com",
        "edad": 43,
        "direc_avatar": "src/images/usuarios/default/steve_jobs.png"
    },
    {
        "nick": "GuidoVanRossum",
        "nombre": "Guido Van Rossum",
        "genero": "Masculino",
        "correo": "gvrossum@gmail.com",
        "edad": 44,
        "direc_avatar": "src/images/usuarios/default/guido_van_Rossum.png"
    }
]